,C,Mn,Si,P,S,Cr,Cu,Ni,V,Al,Ti,Mo,N,B,W,Nb,Sn,Co,Grain Size:,Austenitization Temp:,Austenitization Time:,Ms:,Mf:,Ac1:,Ac3:,Ferrite_1_Time,Pearlite_1_Time,Bainite_1_Time
0.15% C- 0.67% Mn - 1.20% Cr - 0.31% V (SAE 6115),0.15,0.67,0.48,0.044,0.024,1.2,0.18,0.25,0.31,0.0,0.0,0.0,0.0,0.0,0.0,0.0,0.0,0.0,,920.0,300.0,430.0,,750.0,870.0,1.9090702849231485,67.4166430283181,1.3074899403950677
0.20% C - 1.20% Mn - 0.97% Cu - 0.55% Ni,0.2,1.2,0.38,0.039,0.024,0.06,0.91,0.55,0.0,0.0,0.0,0.0,0.0,0.0,0.0,0.0,0.0,0.0,,870.0,300.0,390.0,,700.0,795.0,1.5760172824488181,46.58999704757567,1.3542764208288902
0.30% C - 3.03% Ni (SAE 2330),0.3,0.51,0.32,0.011,0.007,0.07,0.0,3.03,0.0,0.032,0.01,0.0,0.0,0.0,0.0,0.0,0.0,0.0,,850.0,600.0,340.0,,690.0,760.0,0.5596276445319552,1.702520841179651,0.5969120746897806
0.48% C - 1.98% Mn,0.48,1.98,0.28,0.02,0.011,0.0,0.0,0.0,0.0,0.0,0.0,0.0,0.0,0.0,0.0,0.0,0.0,0.0,,850.0,420.0,280.0,,720.0,760.0,10.969420801161345,18.514356024063925,13.696972047431801
0.73% C - 1.62% Si (71 Si 7),0.73,0.73,1.62,0.019,0.012,0.1,0.19,0.12,0.01,0.0,0.0,0.0,0.0,0.0,0.0,0.0,0.0,0.0,,845.0,600.0,210.0,,750.0,770.0,4.563947703262179,4.939480993737899,5.517702004499881
0.98% C - 1.84% Mn,0.98,1.84,0.08,0.023,0.011,0.0,0.0,0.0,0.0,0.0,0.0,0.0,0.0,0.0,0.0,0.0,0.0,0.0,,900.0,360.0,120.0,,700.0,850.0,26.543802275694453,32.645617273437495,35.34981105030106
1-1194,0.46,0.65,0.25,0.0175,0.0175,0.0,0.0,0.0,0.0,0.0,0.0,0.0,0.0,0.0,0.0,0.0,0.0,0.0,,850.0,,330.0,,730.0,795.0,0.6413187759503567,1.0,0.8008238108038226
1-5924,0.15,0.5,0.28,0.0175,0.0175,1.55,0.0,1.55,0.0,0.0,0.0,0.0,0.0,0.0,0.0,0.0,0.0,0.0,,870.0,,420.0,,725.0,825.0,,123.78036448545367,0.2564163340832878
1-7734,0.15,0.95,0.1,0.01,0.0075,1.38,0.0,0.0,0.25,0.0,0.0,0.9,0.0,0.0,0.0,0.0,0.0,0.0,,950.0,,400.0,,780.0,925.0,11.194549538024889,467.94916374033727,1.5232860221059312
1-8154,0.5,0.9,0.25,0.0,0.0,1.1,0.0,0.0,0.12,0.0,0.0,0.0,0.0,0.0,0.0,0.0,0.0,0.0,,880.0,,300.0,210,730.0,775.0,21.36845047990716,61.14794164631031,13.725137024773549
1,0.299,2.5,0.97,0.008,0.0171,0.2,0.209,0.21,0.0,0.0095,0.0315,0.096,0.0069,0.018,0.0,0.0,0.0,0.0,,950.0,300.0,,,695.0,855.0,,,1.67866376312875
100 Cr 6,1.04,0.33,0.26,0.023,0.006,1.53,0.2,0.31,0.01,0.0,0.0,0.01,0.0,0.0,0.0,0.0,0.0,0.0,,860.0,900.0,240.0,20,750.0,790.0,,11.71344160709404,9.973230480078769
100CrMnSi6-4,0.99,1.1,0.6,0.0125,0.0075,1.53,0.15,0.0,0.0,0.025,0.0,0.05,0.0,0.0,0.0,0.0,0.0,0.0,,840.0,,210.0,,740.0,770.0,,12.307645150940166,295.84433465770684
100CrMo7-3,0.99,0.7,0.25,0.0125,0.0075,1.8,0.15,0.0,0.0,0.0025,0.0,0.28,0.0,0.0,0.0,0.0,0.0,0.0,,860.0,,150.0,,740.0,765.0,,28.5447081148923,35.032763199925014
101Cr6,0.95,0.25,0.15,0.0,0.0,1.35,0.0,0.0,0.0,0.0,0.0,0.0,0.0,0.0,0.0,0.0,0.0,0.0,,860.0,,170.0,,740.0,770.0,,4.930997502990867,8.185467307069029
102Cr6,1.025,0.35,0.2,0.015,0.015,1.5,0.0,0.0,0.0,0.0,0.0,0.0,0.0,0.0,0.0,0.0,0.0,0.0,,830.0,,210.0,,735.0,770.0,,4.049367015033748,8.304024956072512
105 WCr 6,1.03,0.97,0.28,0.016,0.018,1.05,0.25,0.13,0.0,0.0,0.0,0.03,0.0,0.0,1.15,0.0,0.0,0.0,,815.0,900.0,250.0,20,720.0,780.0,,4.99443784003733,5.589599291573126
105WCr6,1.05,0.95,0.25,0.015,0.015,1.0,0.0,0.0,0.0,0.0,0.0,0.0,0.0,0.0,1.15,0.0,0.0,0.0,,830.0,,210.0,30,740.0,770.0,,57.85618587638058,45.52091131617149
10NiCr5-4,0.095,0.75,0.15,0.0125,0.0125,1.05,0.125,1.35,0.0,0.0,0.0,0.0,0.0,0.0,0.0,0.0,0.0,0.0,,880.0,,440.0,,730.0,850.0,2.1654721194345092,115.14674466328763,0.6430661640986052
115CrV3,1.175,0.3,0.225,0.015,0.015,0.65,0.0,0.0,0.095,0.0,0.0,0.0,0.0,0.0,0.0,0.0,0.0,0.0,,800.0,,210.0,,740.0,770.0,,1.2477517018709439,1.771459012244337
125Cr2,1.25,0.32,0.25,0.0125,0.0125,0.5,0.0,0.2,0.0,0.0,0.0,0.05,0.0,0.0,0.0,0.0,0.0,0.0,,800.0,,180.0,,725.0,750.0,,0.5728811283775609,1.0771050560367692
13CrMo4-5,0.14,0.52,0.0,0.012,0.013,0.93,0.15,0.13,0.0,0.0,0.0,0.47,0.0,0.0,0.0,0.0,0.0,0.0,,935.0,1800.0,360.0,,765.0,885.0,0.896667809791779,1199.3539462092328,0.5902726102012864
13NiCr6,0.135,0.4,0.2,0.0175,0.0175,0.7,0.0,1.425,0.0,0.0,0.0,0.0,0.0,0.0,0.0,0.0,0.0,0.0,,850.0,,410.0,,735.0,835.0,2.746817383680019,137.49847212572058,0.8476010564850198
14CrMoV6-9,0.14,0.9,0.125,0.01,0.0075,1.375,0.0,0.0,0.25,0.0,0.0,0.9,0.0,0.0,0.0,0.0,0.0,0.0,,950.0,,400.0,,780.0,925.0,11.052951411260215,429.68695985825053,1.4285363782685272
15,0.3,1.41,0.5,0.019,0.058,1.25,0.15,0.0112,0.009,0.013,0.0,0.05,0.0,0.0,0.0,0.03,0.0,0.0,,950.0,300.0,346.0,,745.0,810.0,58.45339337544569,,9.239856704429972
15Cr3,0.15,0.5,0.28,0.0175,0.0175,0.55,0.0,0.0,0.0,0.0,0.0,0.0,0.0,0.0,0.0,0.0,0.0,0.0,,920.0,,,,,,0.5681994622034233,4.777650786415173,0.27249082397702096
15CrMoV5-9,0.155,0.95,0.2,0.0125,0.015,1.35,0.0,0.0,0.25,0.0,0.0,0.95,0.0,0.0,0.0,0.0,0.0,0.0,,950.0,,400.0,,780.0,920.0,11.339499203261735,417.35535672519757,1.498875793167341
15CrNi6,0.14,0.56,0.25,0.019,0.02,1.59,0.0,1.46,0.0,0.0,0.0,0.0,0.0,0.0,0.0,0.0,0.0,0.0,,850.0,600.0,400.0,,735.0,825.0,4.500137735939874,159.07901866580409,3.7374952136428172
15NiCr13,0.15,0.5,0.28,0.0125,0.0175,0.75,0.2,3.25,0.0,0.0,0.0,0.0,0.0,0.0,0.0,0.0,0.0,0.0,,840.0,,410.0,270,705.0,785.0,4.987247973892743,946.097356192216,2.9734595309278227
15NiCr14,0.12,0.4,0.34,0.006,0.007,0.78,0.0,3.45,0.0,0.0,0.0,0.0,0.0,0.0,0.0,0.0,0.0,0.0,,830.0,600.0,390.0,,680.0,790.0,28.96325644291159,5533.142912987595,3.327272368549952
15NiCuMoNb5-6-4,0.12,0.97,0.37,0.007,0.013,0.27,0.53,1.12,0.0,0.0,0.0,0.33,0.0,0.0,0.0,0.03,0.0,0.0,,900.0,600.0,400.0,,710.0,815.0,8.841013579119872,8273.618151935216,3.768180408369013
16,0.16,0.56,0.22,0.01,0.007,1.64,0.0,1.54,0.009,0.03,0.0024,0.31,0.012,0.0002,0.008,0.005,0.0,0.0,,880.0,600.0,405.0,,735.0,825.0,7.869619911552368,2178.463506308071,1.161525909310089
16CrNiMo6,0.16,0.48,0.32,0.0,0.0,1.65,0.0,1.5,0.0,0.0,0.0,0.29,0.0,0.0,0.0,0.0,0.0,0.0,,870.0,,400.0,,745.0,825.0,15.151698845084992,564.5417499465575,2.116627843152235
16MnCr5,0.17,1.15,0.28,0.0125,0.0175,0.95,0.2,0.0,0.0,0.0,0.0,0.0,0.0,0.0,0.0,0.0,0.0,0.0,,880.0,,390.0,,765.0,840.0,0.6642657451654531,110.42531343436099,0.5120197056898922
16MnCrS5,0.17,1.15,0.28,0.0125,0.03,0.95,0.2,0.0,0.0,0.0,0.0,0.0,0.0,0.0,0.0,0.0,0.0,0.0,,880.0,,380.0,,765.0,840.0,0.6086183578664466,104.89789498237411,0.4971479157397017
16Mo3,0.15,0.67,0.24,0.0075,0.033,0.15,0.1,0.08,0.0,0.0,0.0,0.25,0.0,0.0,0.0,0.0,0.0,0.0,,930.0,600.0,450.0,,745.0,880.0,1.503604633607793,33.2459793227094,1.2262155738726337
17,0.0,0.0,0.0,0.0,0.0,0.0,0.0,0.0,0.0,0.0,0.0,0.0,0.0,0.0,0.0,0.0,0.0,0.0,,,,405.0,,730.0,830.0,8.351946611289426,2212.9523723147404,1.272766111576758
17Cr3,0.2,0.72,0.3,0.01,0.01,0.79,0.02,0.27,0.0,0.0,0.0,0.02,0.0,0.0,0.0,0.0,0.0,0.0,,850.0,,390.0,,735.0,815.0,2.902602404842272,33.60369308424052,1.1187021661932897
17CrS3,0.2,0.72,0.3,0.01,0.01,0.79,0.02,0.27,0.0,0.0,0.0,0.02,0.0,0.0,0.0,0.0,0.0,0.0,,850.0,,390.0,,735.0,815.0,2.482816985001553,34.071045935736855,1.1153042700165114
17MnCr5,0.165,1.15,0.2,0.0125,0.0075,0.95,0.15,0.0,0.0,0.025,0.0,0.0,0.0,0.0,0.0,0.0,0.0,0.0,,880.0,,390.0,,765.0,840.0,0.6376954189777558,110.5145010557489,0.5286913086811302
18,0.17,0.54,0.2,0.009,0.005,1.64,0.0,1.56,0.01,0.029,0.0025,0.32,0.072,0.002,0.0,0.031,0.0,0.0,,880.0,600.0,410.0,,725.0,820.0,11.385130897615369,2041.0759005698728,0.8926973084644604
18CrMo4,0.18,0.75,0.25,0.0,0.0,1.0,0.0,0.0,0.0,0.0,0.0,0.25,0.0,0.0,0.0,0.0,0.0,0.0,,870.0,,410.0,,760.0,850.0,2.963614808774479,110.80540453899887,1.462640567232548
18CrNi8,0.17,0.48,0.31,0.017,0.03,1.85,0.0,1.87,0.0,0.0,0.0,0.0,0.0,0.0,0.0,0.0,0.0,0.0,,880.0,600.0,400.0,,745.0,810.0,79.62868040429731,630.1809065737273,9.174171298046794
18NiCrMo14-6,0.17,0.43,0.27,0.0,0.0,1.48,0.13,3.45,0.0,0.026,0.0,0.25,0.0,0.0,0.0,0.0,0.0,0.0,,920.0,1200.0,380.0,300,670.0,760.0,768.5581656218601,22094.48265994914,17.608781460930466
19,0.0,0.0,0.0,0.0,0.0,0.0,0.0,0.0,0.0,0.0,0.0,0.0,0.0,0.0,0.0,0.0,0.0,0.0,,,,410.0,,730.0,820.0,11.491937580777059,1997.8450307460746,0.9223327727230247
19MnB4,0.22,1.33,0.25,0.0,0.0,0.18,0.11,0.12,0.0,0.034,0.033,0.02,0.009,0.0,0.0,0.0,0.0,0.0,,1150.0,600.0,380.0,,725.0,830.0,6.80943085714402,14.240920130785186,8.341195579639319
2,0.183,2.392,0.97,0.012,0.018,0.249,0.211,0.19,0.0,0.02,0.033,0.09,0.0084,0.0018,0.0,0.0,0.0,0.0,,950.0,300.0,390.0,,705.0,855.0,,,8.074427812241204
20MnB4,0.22,1.33,0.25,0.0,0.0,0.18,0.11,0.12,0.0,0.034,0.033,0.02,0.009,0.0,0.0,0.0,0.0,0.0,,1150.0,600.0,390.0,,725.0,830.0,7.0885341959733354,13.700138582802762,
20MnCr5,0.17,1.16,0.3,0.02,0.008,1.15,0.0,0.08,0.0,0.0,0.0,0.0,0.0,0.0,0.0,0.0,0.0,0.0,,860.0,,400.0,,745.0,825.0,3.0653952950565277,34.716868189265604,1.452653925946781
20MnCrS5,0.2,1.25,0.25,0.0,0.0,1.15,0.0,0.0,0.0,0.0,0.0,0.0,0.0,0.0,0.0,0.0,0.0,0.0,,850.0,,380.0,,740.0,820.0,4.76641101336526,76.37983632839308,1.672646843565176
20MnMoNi5-5,0.12,1.35,0.23,0.006,0.004,0.1,0.06,0.65,0.01,0.025,0.0,0.48,0.0,0.0,0.0,0.0,0.0,0.0,,900.0,,410.0,,700.0,780.0,43.28761281083059,27943.51222347197,3.935875227966558
20MoCr4,0.2,0.75,0.25,0.0,0.0,0.4,0.0,0.0,0.0,0.0,0.0,0.45,0.0,0.0,0.0,0.0,0.0,0.0,,920.0,,420.0,,725.0,820.0,4.070292957027181,419.7538154090364,1.3192310230045077
20MoCrS4,0.2,0.75,0.25,0.0,0.0,0.4,0.0,0.0,0.0,0.0,0.0,0.45,0.0,0.0,0.0,0.0,0.0,0.0,,920.0,,430.0,,725.0,820.0,3.894265273612329,384.6860015957856,1.3665901869663166
20NiCrMoS2-2,0.21,0.81,0.26,0.026,0.018,0.59,0.0,0.53,0.0,0.0,0.0,0.17,0.0,0.0,0.0,0.0,0.0,0.0,,900.0,,400.0,,725.0,865.0,2.8107285020807273,109.48889651276862,0.6129168695925735
20NiMoCr6-5,0.2,0.75,0.28,0.0175,0.0275,0.4,0.0,1.6,0.0,0.0,0.0,0.45,0.0,0.0,0.0,0.0,0.0,0.0,,925.0,600.0,410.0,,720.0,830.0,16.577238855893167,5097.0286316889,2.410537106356636
21Mn6,0.2,1.45,0.25,0.0,0.0,0.0,0.0,0.0,0.0,0.0,0.0,0.0,0.0,0.0,0.0,0.0,0.0,0.0,,900.0,,420.0,,725.0,875.0,0.27416785161915136,1.1209513822936692,0.3192509743545063
22,0.0,0.0,0.0,0.0,0.0,0.0,0.0,0.0,0.0,0.0,0.0,0.0,0.0,0.0,0.0,0.0,0.0,0.0,,,,370.0,,740.0,910.0,17.867877588502896,,0.6087111780055383
22CrV3,0.22,0.76,0.3,0.013,0.016,0.76,0.0,0.07,0.1,0.05,0.0,0.0,0.0,0.0,0.0,0.0,0.0,0.0,,920.0,900.0,420.0,,726.0,853.0,9.708651421671265,54.14362779575486,1.7090107058596518
23CrMo5,0.24,0.57,0.25,0.012,0.01,1.1,0.0,0.0,0.0,0.0,0.0,0.25,0.0,0.0,0.0,0.0,0.0,0.0,,940.0,600.0,390.0,,745.0,815.0,41.18847623843148,401.99591128676343,3.269729859576367
23MnNiMoCr6-4,0.23,1.54,0.21,0.012,0.011,0.23,0.0,1.07,0.0,0.042,0.0,0.51,0.0,0.0,0.0,0.0,0.0,0.0,,860.0,600.0,370.0,,715.0,795.0,58.62412833354796,33620.409691809946,5.771053706620194
24CrMo5,0.24,0.7,0.25,0.0,0.0,1.1,0.0,0.0,0.0,0.0,0.0,0.25,0.0,0.0,0.0,0.0,0.0,0.0,,850.0,,400.0,330,735.0,830.0,1.345423659028102,138.7656196056246,0.5733096629695036
25 Cr Mo 4 (SAE 4118),0.22,0.64,0.25,0.01,0.011,0.97,0.16,0.33,0.01,0.0,0.0,0.23,0.0,0.0,0.0,0.0,0.0,0.0,,875.0,300.0,400.0,350,720.0,820.0,1.8112359711123038,166.69171250207407,0.7795014384390019
25CrMo4,0.25,0.7,0.25,0.0,0.0,1.05,0.0,0.0,0.0,0.0,0.0,0.25,0.0,0.0,0.0,0.0,0.0,0.0,,875.0,,400.0,330,735.0,820.0,1.1782572088148724,144.86046270779715,0.4823666887743361
25CrMoS4,0.25,0.7,0.25,0.0,0.0,1.05,0.0,0.0,0.0,0.0,0.0,0.25,0.0,0.0,0.0,0.0,0.0,0.0,,875.0,,400.0,340,735.0,820.0,1.2049573077773077,137.2940833566931,0.4656034550061407
25MoCr4,0.26,0.75,0.275,0.0175,0.0175,0.5,0.0,0.0,0.0,0.0,0.0,0.45,0.0,0.0,0.0,0.0,0.0,0.0,,890.0,900.0,410.0,,725.0,830.0,10.188965255670919,1427.1563188004232,5.702923697662177
26CrMo4-2,0.25,0.7,0.25,0.0,0.0,1.05,0.0,0.0,0.0,0.0,0.0,0.25,0.0,0.0,0.0,0.0,0.0,0.0,,875.0,,400.0,320,735.0,820.0,1.1603872839718878,143.25962906988286,0.5120197056898922
27MnCrV4,0.3,1.17,0.15,0.0,0.0,0.78,0.0,0.36,0.11,0.0,0.0,0.04,0.0,0.0,0.0,0.0,0.0,0.0,,870.0,900.0,360.0,,735.0,820.0,6.649435996665045,91.62739011886731,3.327759245696544
28 NiCrMo 7 4,0.3,0.46,0.24,0.03,0.025,1.44,0.2,2.06,0.01,0.0,0.0,0.37,0.0,0.0,0.0,0.0,0.0,0.0,,850.0,300.0,350.0,270,730.0,770.0,130.85439720555357,1447.3845804464195,8.312047745422188
3,0.255,1.45,1.06,0.01,0.011,1.02,0.2,0.2,0.0,0.014,0.026,0.084,0.0093,0.0029,0.0,0.0,0.0,0.0,,950.0,300.0,370.0,,741.0,851.0,,,3.4083515150935706
30CrMoNiV5-11,0.3,0.93,0.27,0.017,0.01,1.09,0.0,0.54,0.36,0.0,0.0,1.04,0.0,0.0,0.0,0.0,0.0,0.0,,935.0,1800.0,360.0,,780.0,885.0,189.21869718404812,4084.9343996802518,7.159128973599361
30CrNiMo8,0.3,0.65,0.25,0.0125,0.0175,2.0,0.2,2.0,0.0,0.0,0.0,0.4,0.0,0.0,0.0,0.0,0.0,0.0,,850.0,,330.0,200,720.0,790.0,296.5054921330333,1314.287307451479,32.07296823640042
30WCrV15-1,0.3,0.4,0.95,0.0175,0.0175,1.05,0.0,0.0,0.175,0.0,0.0,0.0,0.0,0.0,3.75,0.0,0.0,0.0,,950.0,,390.0,,785.0,905.0,,7.7905167392224,2.3851189347805932
31CrMo12-5,0.3,0.63,0.29,0.01,0.016,2.99,0.13,0.17,0.0,0.0,0.0,0.43,0.0,0.0,0.0,0.0,0.0,0.0,,870.0,,320.0,190,800.0,833.0,,424.58860815617487,29.66849487594198
31CrMo12,0.315,0.55,0.2,0.0125,0.0175,3.05,0.0,0.3,0.0,0.0,0.0,0.4,0.0,0.0,0.0,0.0,0.0,0.0,,900.0,,360.0,,775.0,815.0,,372.75937203149397,97.54799084485819
31CrMoV9,0.31,0.55,0.2,0.0125,0.0175,2.5,0.0,0.0,0.15,0.0,0.0,0.2,0.0,0.0,0.0,0.0,0.0,0.0,,870.0,,380.0,,785.0,840.0,,31.770119071799588,3.2871815277554957
32CrMo12,0.33,0.51,0.36,0.013,0.008,3.0,0.0,0.19,0.0,0.0,0.0,0.58,0.0,0.0,0.0,0.0,0.0,0.0,,920.0,1800.0,350.0,,765.0,800.0,,1246.650400394278,62.40404853543022
32CrMoV12-28,0.32,0.4,0.4,0.0,0.0,3.0,0.0,0.0,0.5,0.0,0.0,2.8,0.0,0.0,0.0,0.0,0.0,0.0,,1030.0,,350.0,190,780.0,875.0,,1227.2944974220204,61.243780967375756
32NiCrMo14-5,0.35,0.4,0.25,0.0,0.0,1.35,0.0,3.55,0.0,0.0,0.0,0.25,0.0,0.0,0.0,0.0,0.0,0.0,,850.0,,270.0,160,670.0,770.0,6691.189901715625,78821.42738856161,99.38376292824375
34 Cr 4 (SAE 5135),0.35,0.656,0.23,0.026,0.013,1.11,0.18,0.23,0.01,0.0,0.0,0.05,0.0,0.0,0.0,0.0,0.0,0.0,,850.0,300.0,360.0,260,740.0,800.0,4.832262443800226,17.86468813082115,1.7631699875100755
34 CrMo 4 (SAE 4130),0.3,0.64,0.22,0.011,0.012,1.01,0.19,0.11,0.01,0.0,0.0,0.24,0.0,0.0,0.0,0.0,0.0,0.0,,850.0,300.0,390.0,240,730.0,790.0,2.6737367418581015,122.4998602416242,1.2837326181815067
34Cr4,0.35,0.65,0.23,0.0,0.0,1.11,0.0,0.23,0.0,0.0,0.0,0.0,0.0,0.0,0.0,0.0,0.0,0.0,,850.0,,370.0,280,750.0,810.0,5.339743994440284,17.47860677720521,0.7829480918738427
34CrAlMo5-10,0.34,0.65,0.04,0.0,0.0,1.15,0.0,0.0,0.0,0.0,0.0,0.2,0.0,0.0,0.0,0.0,0.0,0.0,,,,380.0,,765.0,850.0,52.216555412493605,192.7220944686442,35.091786582786426
34CrNiMo6,0.34,0.65,0.25,0.0125,0.0175,1.5,0.2,1.5,0.0,0.0,0.0,0.225,0.0,0.0,0.0,0.0,0.0,0.0,,850.0,,320.0,190,725.0,780.0,109.19410209689185,307.8958391175498,21.186406402954013
34CrS4,0.335,0.75,0.25,0.0125,0.03,1.05,0.2,0.0,0.0,0.0,0.0,0.0,0.0,0.0,0.0,0.0,0.0,0.0,,850.0,,350.0,250,735.0,790.0,3.1866098541975516,25.475643711213216,1.7365225451518242
35NiCr6,0.34,0.75,0.25,0.0125,0.01,0.95,0.0,1.4,0.0,0.0,0.0,0.0,0.0,0.0,0.0,0.0,0.0,0.0,,850.0,,320.0,,705.0,775.0,9.434098350782033,31.1894696019023,3.9737547975092666
36CrNiMo4,0.36,0.65,0.2,0.0175,0.0175,1.05,0.0,1.05,0.0,0.0,0.0,0.225,0.0,0.0,0.0,0.0,0.0,0.0,,850.0,,320.0,,730.0,780.0,39.51611071449842,277.68242098727706,6.897785379387657
37 MnSi 5,0.38,1.14,1.05,0.035,0.019,0.23,0.0,0.0,0.02,0.0,0.0,0.0,0.0,0.0,0.0,0.0,0.0,0.0,,860.0,300.0,320.0,,720.0,790.0,2.9265591656684324,5.380943954798313,1.697064605869198
37Cr4,0.38,0.74,0.26,0.023,0.01,0.9,0.17,0.26,0.0,0.0,0.0,0.04,0.0,0.0,0.0,0.0,0.0,0.0,,850.0,1800.0,320.0,,755.0,805.0,2.5401437792255335,22.086635025323876,1.3729408335669313
37CrS4,0.38,0.74,0.26,0.023,0.01,0.9,0.17,0.26,0.0,0.0,0.0,0.04,0.0,0.0,0.0,0.0,0.0,0.0,,850.0,1800.0,320.0,,755.0,805.0,2.3548738930783584,21.588964188594478,1.4244224635882166
37MnSi5,0.37,1.25,1.25,0.0,0.0,0.0,0.0,0.0,0.0,0.0,0.0,0.0,0.0,0.0,0.0,0.0,0.0,0.0,,860.0,,330.0,,735.0,830.0,1.9204402944883507,7.774782690734357,1.8501480305062983
38NiCrMoV7-3,0.4,0.61,0.3,0.005,0.007,0.78,0.0,1.81,0.09,0.0,0.0,0.35,0.0,0.0,0.0,0.0,0.0,0.0,,860.0,600.0,300.0,,705.0,785.0,297.4433442178547,1867.5687391126316,43.21537618848911
4,0.305,2.14,0.98,0.011,0.016,0.21,0.191,0.19,0.0,0.0095,0.031,0.085,0.0055,0.0019,0.0,0.0,0.0,0.0,,950.0,300.0,,,715.0,840.0,,,33.09967949760558
40CrMnMo7,0.4,1.5,0.0,0.0,0.0,1.9,0.0,0.0,0.08,0.0,0.0,0.17,0.0,0.0,0.0,0.0,0.0,0.0,,850.0,,310.0,,745.0,790.0,151.4704336774398,176.1577032603789,48.8117738152716
40CrMnMoS8-6,0.4,1.5,0.0,0.0,0.0,1.9,0.0,0.0,0.08,0.0,0.0,0.17,0.0,0.0,0.0,0.0,0.0,0.0,,850.0,,310.0,,745.0,790.0,155.5965631605076,183.65383433483464,48.75284901033864
40Mn4,0.38,0.82,0.38,0.021,0.028,0.21,0.0,0.0,0.0,0.0,0.0,0.0,0.0,0.0,0.0,0.0,0.0,0.0,,840.0,600.0,320.0,,770.0,820.0,1.7000146928176112,3.9886235145543867,2.016168146229815
40NiCrMo2-2,0.4,0.85,0.275,0.0175,0.0175,0.5,0.0,0.55,0.0,0.0,0.0,0.225,0.0,0.0,0.0,0.0,0.0,0.0,,850.0,,330.0,,735.0,790.0,11.741000156312449,65.71951806060366,2.3878997264599127
41 Cr 4 (SAE 5140),0.44,0.8,0.22,0.03,0.023,1.04,0.17,0.26,0.01,0.0,0.0,0.04,0.0,0.0,0.0,0.0,0.0,0.0,,840.0,300.0,360.0,250,750.0,790.0,12.117933682881006,27.54228703338167,3.826988373761551
41CrS4,0.42,0.7,0.25,0.0,0.0,1.05,0.0,0.0,0.0,0.0,0.0,0.0,0.0,0.0,0.0,0.0,0.0,0.0,,850.0,,350.0,220,750.0,795.0,14.71584601928056,17.388753713717453,4.927395807636489
"42 CrMo 4 (SAE 4135,4140)",0.38,0.64,0.23,0.019,0.013,0.99,0.17,0.08,0.01,0.0,0.0,0.16,0.0,0.0,0.0,0.0,0.0,0.0,,860.0,300.0,370.0,270,720.0,780.0,2.5630620724274356,62.46265468501694,1.522235170295561
42MnV7,0.43,1.67,0.28,0.021,0.008,0.32,0.06,0.11,0.1,0.0,0.0,0.03,0.0,0.0,0.0,0.0,0.0,0.0,,870.0,300.0,310.0,220,725.0,770.0,8.560041777043992,19.68848135276346,1.3697961730931139
43CrMo4,0.43,0.75,0.2,0.0125,0.075,1.05,0.15,0.0,0.0,0.025,0.0,0.23,0.0,0.0,0.0,0.0,0.0,0.0,,850.0,,330.0,140,750.0,805.0,32.07797145218501,232.75367759585552,7.255872708247625
45 CrMoV 6 7,0.43,0.75,0.27,0.011,0.011,1.31,0.0,0.11,0.23,0.0,0.0,0.72,0.0,0.0,0.0,0.0,0.0,0.0,,970.0,900.0,320.0,210,750.0,820.0,737.3940728372814,1547.0748390346068,33.91511744976429
45 CrVMoW 5 8,0.39,0.45,0.58,0.018,0.003,1.45,0.0,0.13,0.7,0.0,0.0,0.47,0.0,0.0,0.55,0.0,0.0,0.0,,1050.0,900.0,350.0,270,790.0,900.0,171.20877171259843,960.8574450193219,13.947895037913815
45CrMoV6-7,0.45,0.7,0.2,0.0175,0.0175,1.4,0.0,0.0,0.3,0.0,0.0,0.7,0.0,0.0,0.0,0.0,0.0,0.0,,950.0,,310.0,80,781.0,840.0,666.8067692136227,1116.8632477805609,74.47319739059894
45CrVMoW5-8,0.43,0.0,0.0,0.0,0.0,2.0,0.0,0.0,0.8,0.0,0.0,0.5,0.0,0.0,0.4,0.0,0.0,0.0,,1050.0,,320.0,180,765.0,830.0,,281.708010667087,22.3561796240478
45NiCrMo16,0.45,0.4,0.25,0.0,0.0,1.35,0.0,4.0,0.0,0.0,0.0,0.25,0.0,0.0,0.0,0.0,0.0,0.0,,840.0,,230.0,90,665.0,780.0,,17590.695822349822,1954.8125623113042
45WCrV7,0.45,0.3,1.0,0.0,0.0,1.1,0.0,0.0,0.2,0.0,0.0,0.0,0.0,0.0,2.0,0.0,0.0,0.0,,900.0,,320.0,110,775.0,860.0,99.36594543333437,234.51236467793643,21.590074634579295
46Mn7,0.48,1.98,0.28,0.0,0.0,0.0,0.0,0.0,0.0,0.0,0.0,0.0,0.0,0.0,0.0,0.0,0.0,0.0,,850.0,,290.0,,720.0,775.0,13.211974960367819,16.50980468499646,12.968902516716168
48CrMoV6-7,0.45,0.7,0.3,0.0,0.0,1.5,0.0,0.0,0.3,0.0,0.0,0.75,0.0,0.0,0.0,0.0,0.0,0.0,,950.0,,310.0,90,780.0,840.0,659.594625741874,1028.130381323781,71.68391013988565
5,0.256,1.46,1.07,0.011,0.0154,0.99,0.213,0.98,0.0,0.0119,0.0267,0.091,0.0066,0.0031,0.0,0.0,0.0,0.0,,950.0,300.0,358.0,,715.0,830.0,,,31.77720208524078
50 CrMo 4 (SAE 4150),0.5,0.8,0.32,0.017,0.022,1.04,0.17,0.11,0.01,0.0,0.0,0.24,0.0,0.0,0.0,0.0,0.0,0.0,,850.0,300.0,280.0,220,720.0,770.0,89.81017740351595,179.62870100781527,11.22470740821111
50 CrV 4 (SAE 6145),0.47,0.82,0.35,0.035,0.015,1.2,0.14,0.04,0.11,0.0,0.0,0.0,0.0,0.0,0.0,0.0,0.0,0.0,,880.0,300.0,300.0,220,740.0,790.0,15.54493051271145,39.639744004065655,9.425384272824624
50 CrV 4 (SAE 6150),0.55,0.98,0.22,0.017,0.013,1.02,0.07,0.01,0.11,0.0,0.0,0.0,0.0,0.0,0.0,0.0,0.0,0.0,,880.0,300.0,280.0,200,720.0,760.0,820.5203320013371,18.102225006084115,17.81800623329977
50CrMo4,0.5,0.65,0.25,0.0125,0.0175,1.05,0.2,0.0,0.0,0.0,0.0,0.23,0.0,0.0,0.0,0.0,0.0,0.0,,860.0,,280.0,,740.0,775.0,38.26242961803705,104.43414854741211,14.28163492878923
50NiCr13,0.5,0.5,0.3,0.0,0.0,1.0,0.0,3.3,0.0,0.0,0.0,0.0,0.0,0.0,0.0,0.0,0.0,0.0,,840.0,,220.0,,700.0,760.0,,370.770942603857,86.09131660626784
51,0.801,0.45,0.196,0.011,0.0009,0.093,0.037,0.058,0.001,0.021,0.004,0.013,0.0052,0.0001,0.0,0.001,0.0,0.0,,860.0,30.0,232.0,,732.0,751.0,0.2887988413877941,0.3561752582053504,14.550306913762658
51CrV4,0.5,0.9,0.25,0.0,0.0,1.1,0.0,0.0,0.12,0.0,0.0,0.0,0.0,0.0,0.0,0.0,0.0,0.0,,880.0,,290.0,210,730.0,775.0,19.828839491270713,61.92868979659558,13.149793077803471
52,0.81,0.46,0.203,0.02,0.001,0.142,0.032,0.052,0.103,0.03,0.005,0.025,0.0057,0.0001,0.0,0.001,0.0,0.0,,860.0,600.0,193.0,,731.0,757.0,0.6799794883945196,2.247805833548725,64.42363508721373
53MnSi4,0.54,0.95,0.9,0.0175,0.0175,0.0,0.0,0.0,0.0,0.0,0.0,0.0,0.0,0.0,0.0,0.0,0.0,0.0,,850.0,,300.0,,740.0,805.0,3.9341897763630946,5.004456437524527,4.912678323605502
54,0.18,0.75,0.4,0.01,0.022,0.35,0.0,0.1,0.0,0.033,0.0,0.5,0.007,0.0,0.0,0.0,0.0,0.0,,950.0,600.0,413.0,,734.0,865.0,,548.9032450921557,13.894954943731369
55,0.16,0.56,0.22,0.01,0.007,1.64,0.0,1.54,0.009,0.03,0.0024,0.31,0.012,0.0002,0.008,0.005,0.0,0.0,,880.0,600.0,405.0,,735.0,825.0,7.909722453744311,2250.0510004419198,1.2357703337409014
55Cr3,0.55,0.85,0.2,0.0125,0.0125,0.85,0.0,0.0,0.0,0.0,0.0,0.0,0.0,0.0,0.0,0.0,0.0,0.0,,860.0,,280.0,80,737.0,758.0,15.446489275945092,14.618190494522777,3.300783360146735
55NiCr10,0.52,0.49,0.3,0.0,0.0,0.7,0.0,2.66,0.0,0.0,0.0,0.0,0.0,0.0,0.0,0.0,0.0,0.0,,860.0,900.0,300.0,,705.0,755.0,,788.5430290935881,55.722647955071714
56 NiCrMoV 7,0.52,0.7,0.29,0.01,0.01,1.09,0.0,1.72,0.14,0.0,0.0,0.43,0.0,0.0,0.0,0.0,0.0,0.0,,850.0,900.0,270.0,150,710.0,790.0,960.3178598013658,1865.5586614131491,37.63704122972925
56,0.17,0.54,0.2,0.009,0.005,1.64,0.0,1.56,0.01,0.029,0.0025,0.32,0.072,0.002,0.0,0.031,0.0,0.0,,880.0,600.0,410.0,,725.0,820.0,10.904467358880177,1936.0121476543413,0.9082748110833335
56Mn4,0.64,0.92,0.18,0.017,0.005,0.0,0.16,0.0,0.0,0.0,0.0,0.0,0.0,0.0,0.0,0.0,0.0,0.0,,830.0,1200.0,250.0,,725.0,750.0,1.3931568029453032,1.7060823890031238,1.018591388054117
57,0.184,0.75,1.52,0.0,0.0,0.35,0.0,0.108,0.0,0.0335,0.0,0.5,0.0085,0.0,0.0,0.0,0.0,0.0,,1000.0,600.0,415.0,,763.0,956.0,3.879029223021765,1238.42294085185,0.012384229408518507
58CrV4,0.58,0.95,0.25,0.0,0.0,1.1,0.0,0.0,0.12,0.0,0.0,0.0,0.0,0.0,0.0,0.0,0.0,0.0,,840.0,,270.0,190,745.0,780.0,,31.04098428019673,28.818901281935005
59CrV4,0.58,0.95,0.25,0.0,0.0,1.1,0.0,0.0,0.12,0.0,0.0,0.0,0.0,0.0,0.0,0.0,0.0,0.0,,840.0,,270.0,190,745.0,780.0,,31.476510275732785,30.33047380302472
6,0.25,1.52,0.98,0.011,0.012,1.05,0.21,0.23,0.0,0.011,0.0,0.05,0.008,0.0,0.012,0.0,0.001,0.0,,950.0,300.0,360.0,,750.0,850.0,,,2.9339696788068728
60 WCrV 7,0.55,0.34,0.94,0.015,0.012,1.27,0.0,0.12,0.18,0.0,0.0,0.05,0.0,0.0,2.1,0.0,0.0,0.0,,880.0,900.0,310.0,210,780.0,820.0,48.74648020177972,140.90816855117316,22.998638539612113
60MnSiCr4,0.615,1.0,0.9,0.015,0.015,0.3,0.0,0.0,0.0,0.0,0.0,0.0,0.0,0.0,0.0,0.0,0.0,0.0,,850.0,600.0,300.0,,740.0,815.0,4.169982459641462,5.61039305893382,9.086345820125413
60NiCrMoV12-4,0.58,0.0,0.0,0.0,0.0,1.0,0.0,3.0,0.1,0.0,0.0,0.3,0.0,0.0,0.0,0.0,0.0,0.0,,860.0,,190.0,50,710.0,770.0,,1462.5161520687186,870.1563933188905
60WCrV8,0.6,0.3,0.6,0.0,0.0,1.1,0.0,0.0,0.15,0.0,0.0,0.0,0.0,0.0,2.0,0.0,0.0,0.0,,880.0,,280.0,,780.0,835.0,,37.47748955561453,49.741778753768344
61 CrSiV 5,0.58,0.81,0.89,0.013,0.006,1.27,0.14,0.06,0.11,0.0,0.0,0.02,0.0,0.0,0.0,0.0,0.0,0.0,,870.0,900.0,270.0,90,740.0,800.0,25.64098519410044,33.029374074625466,25.64098519410044
65Si7,0.65,0.85,1.65,0.0175,0.0175,0.0,0.0,0.0,0.0,0.0,0.0,0.0,0.0,0.0,0.0,0.0,0.0,0.0,,850.0,,250.0,,745.0,785.0,1.9897050145794795,3.2871815277554957,7.877095004170819
7,0.0,0.0,0.0,0.0,0.0,0.0,0.0,0.0,0.0,0.0,0.0,0.0,0.0,0.0,0.0,0.0,0.0,0.0,,950.0,300.0,370.0,,745.0,860.0,,,0.7693447534197376
80MoCrV42-16,0.81,0.25,0.2,0.0125,0.0075,4.1,0.15,0.0,1.0,0.0,0.0,4.25,0.0,0.0,0.125,0.0,0.0,0.0,,1060.0,,170.0,,808.0,828.0,,666.0846290809162,368.8458655822861
90MnCrV8,0.9,2.0,0.0,0.0,0.0,0.4,0.0,0.0,0.2,0.0,0.0,0.0,0.0,0.0,0.0,0.0,0.0,0.0,,820.0,,160.0,,725.0,770.0,,19.769696401118615,127.05741052085425
91,0.396,0.578,1.91,0.0094,0.0057,1.34,0.065,0.075,0.0049,0.026,0.0039,0.016,0.0,0.0022,0.0,0.035,0.0,0.0,,920.0,600.0,299.0,,780.0,868.0,0.5815812406980181,18.46008796766368,1.8878784366095522
92,0.565,0.713,1.48,0.007,0.004,0.662,0.022,0.0,0.143,0.001,0.0,0.0,0.0,0.0,0.0,0.0,0.0,0.0,,860.0,1200.0,290.0,,760.0,834.0,2.7052249849275336,,2.269510536694668
93,0.443,0.6442,1.525,0.0075,0.0026,1.354,0.077,0.125,0.066,0.022,0.0037,0.046,0.005,0.0002,0.0,0.0,0.0,0.0,,900.0,600.0,290.0,,780.0,840.0,25.535411282038556,,10.505786516024191
94,0.16,0.56,0.22,0.01,0.007,1.64,0.0,1.54,0.009,0.03,0.0024,0.31,0.012,0.0002,0.008,0.005,0.0,0.0,,880.0,600.0,405.0,,735.0,825.0,8.512750994298012,2131.4312488729483,1.1937766417144364
ASM,0.58,0.25,0.25,0.0,0.0,4.0,0.0,0.0,0.8,0.0,0.0,0.9,0.0,0.0,9.0,0.0,0.0,0.0,,1150.0,,210.0,30,795.0,835.0,6.301756847920012,972.4940319779283,391.01535193882603
C105W2,1.03,0.22,0.17,0.0,0.0,0.07,0.14,0.1,0.0,0.0,0.0,0.01,0.0,0.0,0.0,0.0,0.0,0.0,,790.0,,170.0,,717.0,736.0,0.20563594985040803,,4.0460267895402895
C30E,0.3,0.65,0.25,0.0125,0.0175,0.2,0.15,0.2,0.0,0.0,0.0,0.05,0.0,0.0,0.0,0.0,0.0,0.0,,850.0,,410.0,,725.0,825.0,0.3104098428019672,0.541839881654104,0.3281927872511474
C30R,0.31,0.65,0.25,0.0175,0.03,0.2,0.15,0.2,0.0,0.0,0.0,0.05,0.0,0.0,0.0,0.0,0.0,0.0,,850.0,,410.0,,725.0,825.0,0.31683412143248757,0.5314440764581632,0.30492498536654294
C35E,0.35,0.65,0.25,0.0125,0.0175,0.2,0.15,0.2,0.0,0.0,0.0,0.05,0.0,0.0,0.0,0.0,0.0,0.0,,850.0,,410.0,,725.0,820.0,0.30528262924412225,0.5226325534457339,0.3227428894043811
C35EC,0.36,0.65,0.15,0.0125,0.0125,0.0,0.125,0.0,0.0,0.0,0.0,0.0,0.0,0.0,0.0,0.0,0.0,0.0,,850.0,,410.0,,725.0,820.0,0.32391673547410077,0.5535771687323472,0.33611256737280654
C35G,0.36,0.65,0.25,0.0125,0.0175,0.0,0.0,0.0,0.0,0.0,0.0,0.0,0.0,0.0,0.0,0.0,0.0,0.0,,850.0,,410.0,,725.0,820.0,0.29372436441613803,0.5368799890082775,0.29931295294419963
C35R,0.36,0.65,0.25,0.0125,0.03,0.2,0.15,0.2,0.0,0.0,0.0,0.05,0.0,0.0,0.0,0.0,0.0,0.0,,850.0,,410.0,,725.0,820.0,0.2994114554870022,0.5471850285662083,0.316824188095949
C45,0.46,0.65,0.25,0.0225,0.0225,0.2,0.15,0.2,0.0,0.0,0.0,0.05,0.0,0.0,0.0,0.0,0.0,0.0,,850.0,,330.0,,730.0,795.0,0.6202306035627282,0.9817960411806925,1.0
C45E,0.46,0.65,0.25,0.0125,0.0175,0.2,0.15,0.2,0.0,0.0,0.0,0.05,0.0,0.0,0.0,0.0,0.0,0.0,,850.0,,340.0,,730.0,795.0,0.6760199524761186,1.0,0.9456022611260966
C45EC,0.46,0.65,0.15,0.0125,0.0125,0.0,0.125,0.0,0.0,0.0,0.0,0.0,0.0,0.0,0.0,0.0,0.0,0.0,,850.0,,340.0,,730.0,795.0,0.6698065144087431,1.037105135545132,0.7471670675868078
C45U,0.46,0.7,0.28,0.015,0.015,0.0,0.0,0.0,0.0,0.0,0.0,0.0,0.0,0.0,0.0,0.0,0.0,0.0,,850.0,,340.0,,730.0,795.0,0.599970576547629,0.9128099147531648,0.774577676251794
C55E,0.56,0.75,0.25,0.0125,0.0175,0.2,0.15,0.2,0.0,0.0,0.0,0.1,0.0,0.0,0.0,0.0,0.0,0.0,,840.0,,300.0,,770.0,825.0,1.0573837535271058,1.273526767417955,1.0573837535271058
C55R,0.56,0.75,0.25,0.0125,0.03,0.2,0.15,0.2,0.0,0.0,0.0,0.05,0.0,0.0,0.0,0.0,0.0,0.0,,840.0,,300.0,,770.0,825.0,1.0373256560072663,1.3654585292519161,1.4164251646069603
C55S,0.55,0.75,0.25,0.0125,0.0125,0.2,0.0,0.2,0.0,0.0,0.0,0.05,0.0,0.0,0.0,0.0,0.0,0.0,,840.0,,300.0,,770.0,825.0,1.018591388054117,1.2941958414499863,2.1281390459827123
C60R,0.61,0.75,0.25,0.0125,0.03,0.2,0.15,0.2,0.0,0.0,0.0,0.05,0.0,0.0,0.0,0.0,0.0,0.0,,810.0,,230.0,,725.0,770.0,2.1941678196492505,1.668100537200059,3.8663537521924116
C60U,0.6,0.7,0.28,0.0175,0.0175,0.0,0.0,0.0,0.0,0.0,0.0,0.0,0.0,0.0,0.0,0.0,0.0,0.0,,810.0,,240.0,,730.0,770.0,1.8568409425327836,1.6347025315196837,3.091139302832949
C67,0.685,0.75,0.25,0.0225,0.0225,0.0,0.0,0.0,0.0,0.0,0.0,0.0,0.0,0.0,0.0,0.0,0.0,0.0,,810.0,1200.0,250.0,,735.0,775.0,1.4475799869555956,1.344355276904818,5.584547018776936
C70D2,0.76,0.29,0.22,0.0,0.0,0.11,0.17,0.07,0.02,0.0,0.0,0.02,0.0,0.0,0.0,0.0,0.0,0.0,,860.0,600.0,205.0,20,720.0,740.0,3.1874163023189213,0.7664020738465532,7.3548694037705
C70D3,0.76,0.29,0.22,0.0,0.0,0.11,0.17,0.07,0.02,0.0,0.0,0.02,0.0,0.0,0.0,0.0,0.0,0.0,,860.0,600.0,210.0,30,720.0,740.0,3.212269610437351,0.7126249694963014,8.38891361127338
C70G,0.76,0.29,0.22,0.0,0.0,0.11,0.17,0.07,0.02,0.0,0.0,0.02,0.0,0.0,0.0,0.0,0.0,0.0,,810.0,600.0,230.0,20,720.0,740.0,1.202619399337043,0.5644202205386026,1.3684153863690731
C76D2,0.76,0.29,0.22,0.0,0.0,0.11,0.17,0.07,0.02,0.0,0.0,0.02,0.0,0.0,0.0,0.0,0.0,0.0,,810.0,600.0,240.0,20,720.0,740.0,1.2460670191231278,0.5664801721729403,1.390951867453597
C85S,0.85,0.55,0.2,0.0125,0.0125,0.2,0.0,0.2,0.0,0.0,0.0,0.05,0.0,0.0,0.0,0.0,0.0,0.0,,800.0,,210.0,,725.0,760.0,,0.9460693078830562,1.9450221819431845
Carburized En 33 (2)_p104,0.0,0.0,0.0,0.0,0.0,0.0,0.0,0.0,0.0,0.0,0.0,0.0,0.0,0.0,0.0,0.0,0.0,0.0,18.9,770.0,1800.0,150.0,,680.0,,9.38676307432443,25.463591689950086,9.38676307432443
Carburized En 33_p104,0.95,0.4,0.26,0.0,0.0,0.36,0.0,2.95,0.0,0.0,0.0,0.08,0.0,0.0,0.0,0.0,0.0,0.0,18.9,865.0,1800.0,,,690.0,810,3.3259879240681185,16.64540487733382,
Carburized En 34 (2)_p109,0.99,0.56,0.29,0.0,0.0,0.32,0.0,1.61,0.0,0.0,0.0,0.29,0.0,0.0,0.0,0.0,0.0,0.0,18.9,770.0,1800.0,170.0,,700.0,,,27.585316176291826,8.348533025195428
Carburized En 34_p109,0.99,0.56,0.29,0.0,0.0,0.32,0.0,1.61,0.0,0.0,0.0,0.29,0.0,0.0,0.0,0.0,0.0,0.0,22.5,865.0,1800.0,130.0,,700.0,,,172.02917010455664,38.58223967419845
Carburized En 351 (3120 at 0.9% C) (2)_p102,0.92,0.93,0.3,0.0,0.0,0.57,0.0,0.9,0.0,0.0,0.0,0.03,0.0,0.0,0.0,0.0,0.0,0.0,18.9,830.0,1800.0,170.0,,720.0,,,6.272111830128072,14.581194511766363
Carburized En 351 (3120 at 0.9% C)_p102,0.92,0.93,0.3,0.0,0.0,0.57,0.0,0.9,0.0,0.0,0.0,0.03,0.0,0.0,0.0,0.0,0.0,0.0,18.9,870.0,1800.0,160.0,,720.0,,,7.0352629574941,22.354882161927364
Carburized En 352 (3120 at 1% C) (2)_p103,0.96,0.74,0.26,0.0,0.0,0.84,0.0,1.19,0.0,0.0,0.0,0.09,0.0,0.0,0.0,0.0,0.0,0.0,18.9,800.0,1800.0,150.0,,710.0,,,29.595990327355477,15.356822687587977
Carburized En 352 (3120 at 1% C)_p103,0.96,0.74,0.26,0.0,0.0,0.84,0.0,1.19,0.0,0.0,0.0,0.09,0.0,0.0,0.0,0.0,0.0,0.0,18.9,865.0,1800.0,120.0,,710.0,,,36.89173954438243,85.9771811252588
Carburized En 353 (2)_p112,1.0,0.99,0.28,0.0,0.0,1.12,0.0,1.42,0.0,0.0,0.0,0.11,0.0,0.0,0.0,0.0,0.0,0.0,18.9,800.0,1800.0,140.0,,720.0,,31.524266221251107,118.35067295194685,48.186660501522425
Carburized En 353_p112,1.0,0.99,0.28,0.0,0.0,1.12,0.0,1.42,0.0,0.0,0.0,0.11,0.0,0.0,0.0,0.0,0.0,0.0,18.9,880.0,1800.0,120.0,,720.0,,50.3648633052627,171.41252532913126,134.1712835479911
Carburized En 354 (4320 at 1% C) (2)_p113,0.97,1.0,0.33,0.0,0.0,1.13,0.0,1.93,0.0,0.0,0.0,0.23,0.0,0.0,0.0,0.0,0.0,0.0,22.5,820.0,1800.0,180.0,,700.0,,,147.77851817262916,411.9466632098693
Carburized En 354 (4320 at 1% C)_p113,0.97,1.0,0.33,0.0,0.0,1.13,0.0,1.93,0.0,0.0,0.0,0.23,0.0,0.0,0.0,0.0,0.0,0.0,22.5,870.0,1800.0,160.0,,690.0,,,141.78312645555596,1804.3371437957956
Carburized En 355 (2)_p111,0.93,0.71,0.38,0.0,0.0,1.7,0.0,2.1,0.0,0.0,0.0,0.2,0.0,0.0,0.0,0.0,0.0,0.0,31.8,800.0,1800.0,200.0,,700.0,,140.90816855117313,627.8737700530891,184.48346490995627
Carburized En 355_p111,0.93,0.71,0.38,0.0,0.0,1.7,0.0,2.1,0.0,0.0,0.0,0.2,0.0,0.0,0.0,0.0,0.0,0.0,31.8,870.0,1800.0,150.0,,700.0,,146.77992676220697,510.8969774506927,464.1588833612779
Carburized En 36 (9310 at 0.7% C) (2)_p106,0.7,0.35,0.16,0.0,0.0,0.96,0.0,3.24,0.0,0.0,0.0,0.06,0.0,0.0,0.0,0.0,0.0,0.0,18.9,770.0,1800.0,200.0,,680.0,,,46.22827112512941,45.118386683162356
Carburized En 36 (9310 at 0.7% C)_p106,0.7,0.35,0.16,0.0,0.0,0.96,0.0,3.24,0.0,0.0,0.0,0.06,0.0,0.0,0.0,0.0,0.0,0.0,18.9,860.0,1800.0,185.0,,685.0,,,224.2773109394687,75.78463300432495
Carburized En 36 (9310 at 1% C) (2)_p106,1.0,0.3,0.12,0.0,0.0,0.9,0.0,3.27,0.0,0.0,0.0,0.07,0.0,0.0,0.0,0.0,0.0,0.0,18.9,770.0,1800.0,150.0,,685.0,,,41.170233802959466,14.330125702369628
Carburized En 36 (9310 at 1% C)_p106,1.0,0.3,0.12,0.0,0.0,0.9,0.0,3.27,0.0,0.0,0.0,0.07,0.0,0.0,0.0,0.0,0.0,0.0,22.5,860.0,1800.0,100.0,,680.0,,,727.2808086810284,115.83232862547104
Carburized En 39A (9310 at 0.5% C) (2)_p107,0.54,0.34,0.26,0.0,0.0,1.28,0.0,3.92,0.0,0.0,0.0,0.07,0.0,0.0,0.0,0.0,0.0,0.0,18.9,770.0,1800.0,210.0,,665.0,,270.13381211330045,823.7387069571016,312.41857136026664
Carburized En 39A (9310 at 0.5% C)_p107,0.54,0.34,0.26,0.0,0.0,1.28,0.0,3.92,0.0,0.0,0.0,0.07,0.0,0.0,0.0,0.0,0.0,0.0,31.8,865.0,1800.0,220.0,,670.0,,747.6256801637684,1832.9807108324364,239.3025731180498
Carburized En 39A (9310 at 1% C) (2)_p108,1.02,0.47,0.27,0.0,0.0,1.22,0.0,4.15,0.0,0.0,0.0,0.05,0.0,0.0,0.0,0.0,0.0,0.0,18.9,770.0,1800.0,125.0,,675.0,,,551.9954321281572,84.08745006670887
Carburized En 39A (9310 at 1% C)_p108,1.02,0.47,0.27,0.0,0.0,1.22,0.0,4.15,0.0,0.0,0.0,0.05,0.0,0.0,0.0,0.0,0.0,0.0,31.8,865.0,1800.0,120.0,,670.0,,,1573.588567649025,1904.5516114940826
Carburized En 39B (9315 at 0.6% C) (2)_p110,0.56,0.47,0.18,0.0,0.0,1.16,0.0,4.25,0.0,0.0,0.0,0.18,0.0,0.0,0.0,0.0,0.0,0.0,18.9,770.0,1800.0,220.0,,675.0,,,2145.6100865542962,1311.1339374215643
Carburized En 39B (9315 at 0.6% C)_p110,0.56,0.47,0.18,0.0,0.0,1.16,0.0,4.25,0.0,0.0,0.0,0.18,0.0,0.0,0.0,0.0,0.0,0.0,26.7,865.0,1800.0,190.0,,675.0,,,3926.9864788746922,1473.3869932757184
Carburized En 39B (9315 at 0.9% C) (2)_p110,0.93,0.5,0.3,0.0,0.0,1.18,0.0,4.25,0.0,0.0,0.0,0.16,0.0,0.0,0.0,0.0,0.0,0.0,18.9,770.0,1800.0,125.0,,665.0,,3051.6595595401805,9094.166194309788,252.3840212254988
Carburized En 39B (9315 at 0.9% C)_p110,0.93,0.5,0.3,0.0,0.0,1.18,0.0,4.25,0.0,0.0,0.0,0.16,0.0,0.0,0.0,0.0,0.0,0.0,18.9,865.0,1800.0,110.0,,660.0,,,,5899.746255923562
Cf 35,0.36,0.65,0.2,0.0125,0.0175,0.0,0.0,0.0,0.0,0.0,0.0,0.0,0.0,0.0,0.0,0.0,0.0,0.0,,850.0,,410.0,,725.0,820,0.3099214836091842,0.5413931867286399,0.42514098501490294
Cf70,0.76,0.29,0.22,0.0,0.0,0.11,0.17,0.07,0.02,0.0,0.0,0.02,0.0,0.0,0.0,0.0,0.0,0.0,,810.0,600.0,240.0,30,720.0,740,1.0773639999927063,0.5612946962240882,2.9461554862570964
Ck 45 0.44% C - 0.66% Mn (SAE 1042),0.44,0.66,0.22,0.022,0.029,0.15,0.0,0.0,0.02,0.0,0.0,0.0,0.0,0.0,0.0,0.0,0.0,0.0,,1050.0,300.0,350.0,220,730.0,780,1.1821656367162616,2.4870993610759164,1.5624599099570886
Dominial,1.2,0.275,0.225,0.0175,0.0175,0.2,0.0,0.0,0.095,0.0,0.0,0.0,0.0,0.0,1.0,0.0,0.0,0.0,,800.0,,170.0,,730.0,760,,1.0966130367085785,1.0765711158857074
"En 100 (8640,8740)_p101",0.4,1.34,0.21,0.0,0.0,0.53,0.0,1.03,0.0,0.0,0.0,0.22,0.0,0.0,0.0,0.0,0.0,0.0,44.9,845.0,1800.0,290.0,,690.0,780,271.6921428536775,3892.81434249953,11.612045319011491
En 11 (5060)_p96,0.59,0.66,0.34,0.0,0.0,0.65,0.0,0.17,0.0,0.0,0.0,0.02,0.0,0.0,0.0,0.0,0.0,0.0,22.5,840.0,1800.0,280.0,,745.0,760,13.052763804649027,34.6143514069168,6.243879965653626
En 110 (4340)_p100,0.39,0.62,0.23,0.0,0.0,1.11,0.0,1.44,0.0,0.0,0.0,0.18,0.0,0.0,0.0,0.0,0.0,0.0,31.8,845.0,1800.0,320.0,,720.0,770,234.16384086484516,1941.3337677494414,11.88930795425959
En 111 (3135)_p98,0.37,0.89,0.28,0.0,0.0,0.63,0.0,1.24,0.0,0.0,0.0,0.05,0.0,0.0,0.0,0.0,0.0,0.0,22.5,845.0,1800.0,320.0,,700.0,800,6.681088898486457,125.24479150951842,2.872423509034238
En 13 (8717)_p99,0.19,1.37,0.14,0.0,0.0,0.2,0.0,0.56,0.0,0.0,0.0,0.31,0.0,0.0,0.0,0.0,0.0,0.0,31.8,870.0,1800.0,420.0,,680.0,840,8.547984528840411,1247.936205471311,1.4135155848353955
En 14B (1527)_p95,0.29,1.67,0.26,0.0,0.0,0.12,0.0,0.21,0.0,0.0,0.0,0.04,0.0,0.0,0.0,0.0,0.0,0.0,22.5,860.0,1800.0,380.0,,700.0,820,2.7157156655968824,44.96685997870469,2.2991655734626746
En 15 (1536)_p95,0.33,1.54,0.23,0.0,0.0,0.15,0.0,0.18,0.0,0.0,0.0,0.05,0.0,0.0,0.0,0.0,0.0,0.0,22.5,860.0,1800.0,340.0,,715.0,820,2.2086635025323873,22.713041982219565,1.965722764804909
En 16 (4032)_p97,0.33,1.48,0.18,0.0,0.0,0.16,0.0,0.26,0.0,0.0,0.0,0.27,0.0,0.0,0.0,0.0,0.0,0.0,26.7,845.0,1800.0,340.0,,720.0,810,29.017206585383644,1294.2947662613353,3.7199698423443874
En 17 (4037)_p97,0.38,1.49,0.25,0.0,0.0,0.14,0.0,0.24,0.0,0.0,0.0,0.41,0.0,0.0,0.0,0.0,0.0,0.0,22.5,845.0,1800.0,330.0,,720.0,820,150.00763370184407,503.9983907936147,8.337822234717894
En 18 (5150)_p96,0.48,0.86,0.25,0.0,0.0,0.98,0.0,0.18,0.0,0.0,0.0,0.04,0.0,0.0,0.0,0.0,0.0,0.0,53.4,860.0,,300.0,,740.0,780,14.572095627426394,56.30203715091542,7.780102611956167
En 19 (4140)_p98,0.41,0.67,0.23,0.0,0.0,1.01,0.0,0.2,0.0,0.0,0.0,0.23,0.0,0.0,0.0,0.0,0.0,0.0,18.9,860.0,1800.0,310.0,,720.0,800,15.788726707083706,111.0336318167638,1.7698395026962457
En 20 (2)_p99,0.41,0.58,0.28,0.0,0.0,1.39,0.0,0.15,0.0,0.0,0.0,0.74,0.0,0.0,0.0,0.0,0.0,0.0,26.7,870.0,1800.0,300.0,,760.0,780,165.06657403533328,1714.297699347859,9.227677385199854
En 20_p99,0.27,0.6,0.13,0.0,0.0,0.74,0.0,0.19,0.0,0.0,0.0,0.55,0.0,0.0,0.0,0.0,0.0,0.0,22.5,875.0,1800.0,390.0,,740.0,840,12.554236986668043,838.2761242479182,1.2323265532991716
En 21 (2330)_p98,0.33,0.74,0.23,0.0,0.0,0.07,0.0,3.47,0.0,0.0,0.0,0.11,0.0,0.0,0.0,0.0,0.0,0.0,26.7,840.0,1800.0,310.0,,670.0,750,62.91880821827274,14006.881788178685,11.400150089399922
En 23 (3435 + Mo)_p100,0.32,0.61,0.28,0.0,0.0,0.63,0.0,3.22,0.0,0.0,0.0,0.22,0.0,0.0,0.0,0.0,0.0,0.0,31.8,830.0,1800.0,310.0,,680.0,760,2192.637922475772,5731.518784461494,19.274684472224585
En 24 (4340)_p101,0.38,0.69,0.2,0.0,0.0,0.95,0.0,1.58,0.0,0.0,0.0,0.26,0.0,0.0,0.0,0.0,0.0,0.0,31.8,835.0,1800.0,320.0,,720.0,790,299.10727209094597,3190.19179629054,21.67094563279022
En 25 (3430 + Mo)_p100,0.31,0.62,0.2,0.0,0.0,0.64,0.0,2.63,0.0,0.0,0.0,0.58,0.0,0.0,0.0,0.0,0.0,0.0,37.8,835.0,1800.0,320.0,,700.0,780,2275.8459260747873,7367.954559661624,23.29951810515372
En 26 (4340)_p101,0.42,0.67,0.31,0.0,0.0,0.72,0.0,2.53,0.0,0.0,0.0,0.48,0.0,0.0,0.0,0.0,0.0,0.0,37.8,830.0,1800.0,290.0,,680.0,780,6913.447297558563,17653.033217698136,109.18624711418224
En 28_p101,0.25,0.52,0.15,0.0,0.0,1.14,0.0,3.33,0.16,0.0,0.0,0.65,0.0,0.0,0.0,0.0,0.0,0.0,18.9,830.0,1800.0,330.0,,680.0,800,4041.2553329506004,26826.957952797246,39.9488019395417
En 30B (3335 + Mo)_p100,0.32,0.47,0.29,0.0,0.0,1.21,0.0,4.13,0.0,0.0,0.0,0.3,0.0,0.0,0.0,0.0,0.0,0.0,31.8,820.0,1800.0,300.0,,660.0,760,13753.343960584138,34934.34421770633,214.87205174772444
En 31 (52100)_p97,1.08,0.53,0.25,0.0,0.0,1.46,0.0,0.33,0.0,0.0,0.0,0.06,0.0,0.0,0.0,0.0,0.0,0.0,31.8,820.0,1800.0,200.0,,725.0,,6.627583928584648,28.03100079360436,7.637599459984349
En 33 (2)_p104,0.11,0.36,0.21,0.0,0.0,0.28,0.0,2.89,0.0,0.0,0.0,0.09,0.0,0.0,0.0,0.0,0.0,0.0,18.9,770.0,1800.0,120.0,,685.0,,,52.806705745826335,23.771162460223337
En 33_p104,0.11,0.36,0.21,0.0,0.0,0.28,0.0,2.89,0.0,0.0,0.0,0.09,0.0,0.0,0.0,0.0,0.0,0.0,22.5,865.0,1800.0,445.0,,685.0,810,4.837793235259328,4931.125526948298,
En 34 (2)_p108,0.16,0.53,0.18,0.0,0.0,0.26,0.0,1.56,0.0,0.0,0.0,0.25,0.0,0.0,0.0,0.0,0.0,0.0,22.5,770.0,1800.0,430.0,,680.0,840,1.1836457888646927,10646.249815314477,
En 34_p108,0.16,0.53,0.18,0.0,0.0,0.26,0.0,1.56,0.0,0.0,0.0,0.25,0.0,0.0,0.0,0.0,0.0,0.0,22.5,865.0,1800.0,430.0,,680.0,840,1.2403809668895829,9578.312040182982,
En 351 (3120) (2)_p102,0.17,0.88,0.22,0.0,0.0,0.59,0.0,0.86,0.0,0.0,0.0,0.05,0.0,0.0,0.0,0.0,0.0,0.0,44.9,830.0,1800.0,420.0,,725.0,815,2.0968953831437,23.404243387120903,
En 351 (3120)_p102,0.17,0.88,0.22,0.0,0.0,0.59,0.0,0.86,0.0,0.0,0.0,0.05,0.0,0.0,0.0,0.0,0.0,0.0,44.9,870.0,1800.0,420.0,,725.0,815,3.7098656141455026,22.70427615138834,
En 352 (3120) (2)_p103,0.2,0.71,0.15,0.0,0.0,0.8,0.0,1.13,0.0,0.0,0.0,0.05,0.0,0.0,0.0,0.0,0.0,0.0,37.8,800.0,1800.0,410.0,,720.0,800,1.8982373547039941,77.01901110479847,1.9438367733440398
En 352 (3120)_p103,0.2,0.71,0.15,0.0,0.0,0.8,0.0,1.13,0.0,0.0,0.0,0.05,0.0,0.0,0.0,0.0,0.0,0.0,37.8,865.0,1800.0,410.0,,730.0,800,3.314424749466426,175.75106248547922,1.8858632787726497
En 353 (2)_p112,0.18,0.93,0.26,0.0,0.0,1.11,0.0,1.34,0.0,0.0,0.0,0.11,0.0,0.0,0.0,0.0,0.0,0.0,22.5,800.0,1800.0,400.0,,720.0,800,2.848035868435802,119.24667574342583,
En 353_p112,0.18,0.93,0.26,0.0,0.0,1.11,0.0,1.34,0.0,0.0,0.0,0.11,0.0,0.0,0.0,0.0,0.0,0.0,22.5,870.0,1800.0,400.0,,720.0,800,2.481628922836826,64.82475598890476,
En 354 (4320) (2)_p113,0.19,0.9,0.21,0.0,0.0,1.08,0.0,1.87,0.0,0.0,0.0,0.18,0.0,0.0,0.0,0.0,0.0,0.0,22.5,820.0,1800.0,415.0,,710.0,830,59.689579595042304,1758.9080192931629,3.216618661148899
En 354 (4320)_p113,0.19,0.9,0.21,0.0,0.0,1.08,0.0,1.87,0.0,0.0,0.0,0.18,0.0,0.0,0.0,0.0,0.0,0.0,22.5,870.0,1800.0,410.0,,710.0,830,70.3703252341116,2977.800389102913,3.4847263129172585
En 355 (2)_p111,0.2,0.61,0.23,0.0,0.0,1.65,0.0,2.0,0.0,0.0,0.0,0.19,0.0,0.0,0.0,0.0,0.0,0.0,22.5,800.0,1800.0,390.0,,720.0,820,94.7317862749031,2154.4346900318833,7.517412401323076
En 355_p111,0.2,0.61,0.23,0.0,0.0,1.65,0.0,2.0,0.0,0.0,0.0,0.19,0.0,0.0,0.0,0.0,0.0,0.0,22.5,870.0,1800.0,390.0,,720.0,820,133.04046061543283,2365.8311181451854,5.92049097703986
En 36 (9310) (2)_p105,0.11,0.38,0.13,0.0,0.0,0.87,0.0,3.26,0.0,0.0,0.0,0.08,0.0,0.0,0.0,0.0,0.0,0.0,18.9,770.0,1800.0,420.0,,700.0,800,1.0513301770262382,74.05684692262436,
En 36 (9310) (3)_p105,0.14,0.46,0.19,0.0,0.0,1.11,0.0,3.55,0.0,0.0,0.0,0.12,0.0,0.0,0.0,0.0,0.0,0.0,37.8,860.0,1800.0,410.0,,690.0,790,189.82373547039944,3051.6595595401786,4.254670963315979
En 36 (9310) (4)_p105,0.14,0.46,0.19,0.0,0.0,1.11,0.0,3.55,0.0,0.0,0.0,0.12,0.0,0.0,0.0,0.0,0.0,0.0,18.9,770.0,1800.0,410.0,,690.0,790,59.26847859868717,4168.286263449015,2.7242324473940647
En 36 (9310)_p105,0.11,0.38,0.13,0.0,0.0,0.87,0.0,3.26,0.0,0.0,0.0,0.08,0.0,0.0,0.0,0.0,0.0,0.0,18.9,860.0,1800.0,420.0,,700.0,800,1.0486210143040429,21.88800531845347,
En 39A (9310) (2)_p107,0.11,0.38,0.09,0.0,0.0,1.33,0.0,4.15,0.0,0.0,0.0,0.07,0.0,0.0,0.0,0.0,0.0,0.0,18.9,770.0,1800.0,400.0,,680.0,780,31.391732621773617,6632.176126142909,0.7457812578748427
En 39A (9310)_p107,0.11,0.38,0.09,0.0,0.0,1.33,0.0,4.15,0.0,0.0,0.0,0.07,0.0,0.0,0.0,0.0,0.0,0.0,31.8,865.0,1800.0,400.0,,680.0,780,17.782794100389225,3177.357745341629,1.0240722042400605
En 39B (9315) (2)_p109,0.15,0.38,0.2,0.0,0.0,1.16,0.0,4.33,0.0,0.0,0.0,0.17,0.0,0.0,0.0,0.0,0.0,0.0,18.9,770.0,1800.0,370.0,,660.0,765,1848.4458082827418,,20.068781676649667
En 39B (9315)_p109,0.15,0.38,0.2,0.0,0.0,1.16,0.0,4.33,0.0,0.0,0.0,0.17,0.0,0.0,0.0,0.0,0.0,0.0,31.8,865.0,1800.0,360.0,,660.0,765,2005.7529180876256,18852.212170408704,15.505157798326245
En 40B_p99,0.26,0.55,0.21,0.0,0.0,3.34,0.0,0.25,0.0,0.0,0.0,0.54,0.0,0.0,0.0,0.0,0.0,0.0,26.7,900.0,1800.0,360.0,,770.0,835,641.7665086567087,1991.5000785215168,25.33311091549375
"En 42 (1074,1075)_p95",0.75,0.7,0.33,0.0,0.0,0.17,0.0,0.2,0.0,0.0,0.0,0.02,0.0,0.0,0.0,0.0,0.0,0.0,53.4,800.0,1800.0,230.0,,720.0,780,1.9115483236201238,7.716953573095753,3.7462182358731413
En 45 (9260)_p96,0.55,0.87,1.74,0.0,0.0,0.1,0.0,0.16,0.0,0.0,0.0,0.02,0.0,0.0,0.0,0.0,0.0,0.0,26.7,915.0,1800.0,260.0,,740.0,810,3.301202757239897,11.99052431973361,6.291514280763944
En 47 (6150)_p98,0.51,0.72,0.27,0.0,0.0,0.94,0.0,0.15,0.2,0.0,0.0,0.05,0.0,0.0,0.0,0.0,0.0,0.0,31.8,875.0,1800.0,320.0,,730.0,805,10.878909547925604,43.269199615802485,9.677704512028733
G28Mn6,0.29,1.5,0.3,0.0175,0.015,0.15,0.15,0.2,0.015,0.0,0.0,0.06,0.0,0.0,0.0,0.0,0.0,0.0,,850.0,,340.0,,725.0,825,3.0596291491955667,5.812075004274508,2.7916429576905246
HS12-1-4,1.275,0.2,0.225,0.015,0.015,4.15,0.0,0.0,3.75,0.0,0.0,0.85,0.0,0.0,12.0,0.0,0.0,0.0,,1250.0,,150.0,,825.0,880,,1147.1036165831783,1779.6357679949192
HS18-1-2-10,0.76,0.2,0.225,0.015,0.015,4.15,0.0,0.0,1.55,0.0,0.0,0.65,0.0,0.0,18.0,0.0,0.0,9.5,,1280.0,,200.0,,820.0,860,,319.6671334217342,4131.496436933465
HS2-9-1-8,1.1,0.2,0.35,0.015,0.015,4.0,0.0,0.0,1.1,0.0,0.0,9.5,0.0,0.0,1.55,0.0,0.0,8.0,,1180.0,,190.0,,820.0,845,,886.1558201480824,143.25962906988286
HS2-9-1,0.84,0.3,0.4,0.0,0.0,3.8,0.0,0.0,1.2,0.0,0.0,8.6,0.0,0.0,1.8,0.0,0.0,0.0,,1230.0,,180.0,,840.0,870,,605.700684580942,387.89097711234706
HS3-3-3-2,0.97,0.18,0.31,0.035,0.006,4.11,0.0,0.25,2.51,0.0,0.0,2.61,0.0,0.0,3.23,0.0,0.0,0.0,,1180.0,120.0,170.0,20,810.0,870,,1373.529014261567,945.5307900444054
HS6-5-2-5,0.92,0.3,0.4,0.0,0.0,4.1,0.0,0.0,1.9,0.0,0.0,5.0,0.0,0.0,6.2,0.0,0.0,4.8,,1220.0,,130.0,,815.0,845,,611.7545120425398,422.18554117991795
HS6-5-2C,0.9,0.2,0.225,0.015,0.015,4.15,0.0,0.0,1.9,0.0,0.0,4.95,0.0,0.0,6.3,0.0,0.0,0.0,,1240.0,,120.0,,820.0,875,,715.8774948942685,1396.8870472002973
SL-Spezial,1.65,0.3,0.325,0.015,0.015,11.5,0.0,0.0,0.3,0.0,0.0,0.6,0.0,0.0,0.5,0.0,0.0,0.0,,980.0,,200.0,80,795.0,845,9.75609766884803,716.5192819998039,16386.160779293095
WL 1.5934,0.175,0.5,0.275,0.0175,0.0175,1.95,0.0,1.95,0.0,0.0,0.0,0.0,0.0,0.0,0.0,0.0,0.0,0.0,,870.0,,400.0,,735.0,820,22.678533794764984,362.0958350245918,3.1428684494957126
X 45 NiCrMo 4,0.4,0.35,0.2,0.01,0.015,1.27,0.16,4.03,0.04,0.0,0.0,0.24,0.0,0.0,0.0,0.0,0.0,0.0,,860.0,900.0,280.0,80,680.0,750,,6446.1784742643395,231.80151979656893
X100CrMoV5,1.0,0.6,0.3,0.0,0.0,5.25,0.0,0.0,0.2,0.0,0.0,1.1,0.0,0.0,0.0,0.0,0.0,0.0,,980.0,,130.0,50,775.0,820,,261.6915848774862,5755.828121517693
X108CrMo17,1.075,0.5,0.5,0.02,0.0075,17.0,0.0,0.0,0.0,0.0,0.0,0.6,0.0,0.0,0.0,0.0,0.0,0.0,,1070.0,,90.0,,790.0,835,,277.31337876723785,
X10CrAlSi7,0.12,0.71,1.16,0.018,0.006,6.65,0.0,0.2,0.0,0.68,0.09,0.0,0.0,0.0,0.0,0.0,0.0,0.0,,1100.0,900.0,450.0,320,880.0,,,24.8301981279547,
X19CrMo12-1,0.21,0.52,0.38,0.012,0.01,12.3,0.0,0.38,0.0,0.0,0.0,1.22,0.0,0.0,0.0,0.0,0.0,0.0,,1020.0,5400.0,300.0,,813.0,840,479.7587234081014,1667.5262464544373,254.9530994902511
X30WCrCoV9-3,0.3,0.3,0.225,0.0175,0.0175,2.35,0.0,0.0,0.25,0.0,0.0,0.0,0.0,0.0,8.5,0.0,0.0,2.05,,1080.0,,360.0,,820.0,930,,465.11114084064087,11.204673320831569
X30WCrV9-3,0.28,0.36,0.11,0.008,0.004,2.57,0.0,0.04,0.35,0.0,0.0,0.03,0.0,0.0,8.88,0.0,0.0,0.0,,1120.0,,370.0,230,820.0,940,81.38963590755249,430.67170676405175,11.835067295194685
X37CrMoW5-1,0.36,0.4,1.0,0.0,0.0,5.2,0.0,0.0,0.3,0.0,0.0,1.4,0.0,0.0,1.4,0.0,0.0,0.0,,1020.0,,300.0,120,815.0,880,200.20756541994723,405.83037478634736,121.18405798684829
X40CrMoVS5-1,0.4,0.0,1.0,0.0,0.0,5.0,0.0,0.0,1.2,0.0,0.0,1.3,0.0,0.0,0.0,0.0,0.0,0.0,,1050.0,,310.0,190,860.0,940,219.71379987685867,1899.329305436781,200.20756541994723
X60WCrMoV9-4,0.58,0.25,0.25,0.0,0.0,4.0,0.0,0.0,0.8,0.0,0.0,0.9,0.0,0.0,9.0,0.0,0.0,0.0,,1150.0,,210.0,30,795.0,835,,963.8290236239716,428.54852039743963
X63CrMoV5-1,0.625,0.4,1.1,0.0175,0.0175,5.25,0.0,0.0,0.0,0.0,0.0,1.15,0.0,0.0,0.5,0.0,0.0,0.0,,980.0,,210.0,40,815.0,875,10.714520794342892,130.96830670378182,462.22149322891903
